{
	"kurt" : 37194500373.43119,
	"mean" : 681.61940596284956,
	"skew" : -169639.54532320448,
	"stdv" : 37699.016208115434
}